"seqnames","start","end","width","strand","source","type","score","phase","gene_id","gene_type","gene_name","level","tag","transcript_id","transcript_type","transcript_name","exon_number","exon_id","hgnc_id","havana_gene","transcript_support_level","ont","havana_transcript","protein_id","ccdsid","artif_dupl","is_tf"
"chr1",18606593,18630858,24266,"-","HAVANA","gene",NA,NA,"ENSG00000300147.1","lncRNA","ENSG00000300147","2",NA,NA,NA,NA,NA,NA,NA,NA,NA,NA,NA,NA,NA,NA,FALSE
"chr1",46471680,46489218,17539,"-","HAVANA","gene",NA,NA,"ENSG00000302942.1","lncRNA","ENSG00000302942","2",NA,NA,NA,NA,NA,NA,NA,NA,NA,NA,NA,NA,NA,NA,FALSE
"chr1",47230262,47231414,1153,"-","HAVANA","gene",NA,NA,"ENSG00000307358.1","lncRNA","ENSG00000307358","2",NA,NA,NA,NA,NA,NA,NA,NA,NA,NA,NA,NA,NA,NA,FALSE
"chr1",47231906,47232342,437,"-","HAVANA","gene",NA,NA,"ENSG00000307375.1","lncRNA","ENSG00000307375","2",NA,NA,NA,NA,NA,NA,NA,NA,NA,NA,NA,NA,NA,NA,FALSE
"chr1",47432133,47434641,2509,"-","HAVANA","gene",NA,NA,"ENSG00000237424.1","lncRNA","FOXD2-AS1","2",NA,NA,NA,NA,NA,NA,"HGNC:44256","OTTHUMG00000007949.2",NA,NA,NA,NA,NA,NA,FALSE
"chr1",47432585,47434714,2130,"+","HAVANA","gene",NA,NA,"ENSG00000307814.1","lncRNA","ENSG00000307814","2",NA,NA,NA,NA,NA,NA,NA,NA,NA,NA,NA,NA,NA,NA,FALSE
"chr1",50419181,50471151,51971,"+","HAVANA","gene",NA,NA,"ENSG00000225767.2","lncRNA","FAF1-AS1","2",NA,NA,NA,NA,NA,NA,"HGNC:40228","OTTHUMG00000007927.1",NA,NA,NA,NA,NA,NA,FALSE
"chr1",63169935,63324746,154812,"-","HAVANA","gene",NA,NA,"ENSG00000293613.1","lncRNA","ENSG00000293613","2","overlapping_locus",NA,NA,NA,NA,NA,NA,NA,NA,NA,NA,NA,NA,NA,FALSE
"chr1",63319753,63320893,1141,"+","HAVANA","gene",NA,NA,"ENSG00000305514.1","lncRNA","ENSG00000305514","2",NA,NA,NA,NA,NA,NA,NA,NA,NA,NA,NA,NA,NA,NA,FALSE
"chr1",63320056,63324801,4746,"-","HAVANA","gene",NA,NA,"ENSG00000230798.8","lncRNA","FOXD3-AS1","2","overlapping_locus",NA,NA,NA,NA,NA,"HGNC:40241","OTTHUMG00000009138.1",NA,NA,NA,NA,NA,NA,FALSE
"chr1",63326925,63326984,60,"-","ENSEMBL","gene",NA,NA,"ENSG00000275836.1","miRNA","MIR6068","3",NA,NA,NA,NA,NA,NA,"HGNC:50261",NA,NA,NA,NA,NA,NA,NA,FALSE
"chr1",75078134,75125363,47230,"-","HAVANA","gene",NA,NA,"ENSG00000303412.1","lncRNA","ENSG00000303412","2",NA,NA,NA,NA,NA,NA,NA,NA,NA,NA,NA,NA,NA,NA,FALSE
"chr1",75122518,75123927,1410,"-","HAVANA","gene",NA,NA,"ENSG00000261213.1","lncRNA","ENSG00000261213","2",NA,NA,NA,NA,NA,NA,NA,"OTTHUMG00000175853.1",NA,NA,NA,NA,NA,NA,FALSE
"chr1",90719576,90793402,73827,"+","HAVANA","gene",NA,NA,"ENSG00000287076.2","lncRNA","ENSG00000287076","2",NA,NA,NA,NA,NA,NA,NA,"OTTHUMG00000195763.1",NA,NA,NA,NA,NA,NA,FALSE
"chr1",118993872,118995658,1787,"+","HAVANA","gene",NA,NA,"ENSG00000308365.1","lncRNA","ENSG00000308365","2",NA,NA,NA,NA,NA,NA,NA,NA,NA,NA,NA,NA,NA,NA,FALSE
"chr1",119001272,119002789,1518,"+","HAVANA","gene",NA,NA,"ENSG00000308386.1","lncRNA","ENSG00000308386","2",NA,NA,NA,NA,NA,NA,NA,NA,NA,NA,NA,NA,NA,NA,FALSE
"chr1",180233873,180234570,698,"-","HAVANA","gene",NA,NA,"ENSG00000308436.1","lncRNA","ENSG00000308436","2",NA,NA,NA,NA,NA,NA,NA,NA,NA,NA,NA,NA,NA,NA,FALSE
"chr1",213817751,213988508,170758,"-","HAVANA","gene",NA,NA,"ENSG00000230461.11","lncRNA","PROX1-AS1","2","overlapping_locus",NA,NA,NA,NA,NA,"HGNC:43656","OTTHUMG00000036947.10",NA,NA,NA,NA,NA,NA,FALSE
"chr1",213983793,213986419,2627,"-","HAVANA","gene",NA,NA,"ENSG00000274895.1","lncRNA","ENSG00000274895","2","overlapping_locus",NA,NA,NA,NA,NA,NA,"OTTHUMG00000187610.1",NA,NA,NA,NA,NA,NA,FALSE
"chr1",220832763,220881473,48711,"-","HAVANA","gene",NA,NA,"ENSG00000257551.2","lncRNA","HLX-AS1","2",NA,NA,NA,NA,NA,NA,"HGNC:42509","OTTHUMG00000170038.3",NA,NA,NA,NA,NA,NA,FALSE
"chr2",27325849,27356999,31151,"-","HAVANA","gene",NA,NA,"ENSG00000115207.15","protein_coding","GTF3C2","1",NA,NA,NA,NA,NA,NA,"HGNC:4665","OTTHUMG00000097785.9",NA,NA,NA,NA,NA,NA,FALSE
"chr2",27356246,27367881,11636,"+","HAVANA","gene",NA,NA,"ENSG00000234072.2","lncRNA","GTF3C2-AS2","2",NA,NA,NA,NA,NA,NA,"HGNC:55699","OTTHUMG00000151914.1",NA,NA,NA,NA,NA,NA,FALSE
"chr2",44921054,44939344,18291,"-","HAVANA","gene",NA,NA,"ENSG00000259439.4","lncRNA","LINC01833","2","overlapping_locus",NA,NA,NA,NA,NA,"HGNC:52644","OTTHUMG00000172199.2",NA,NA,NA,NA,NA,NA,FALSE
"chr2",44927914,44928396,483,"-","HAVANA","gene",NA,NA,"ENSG00000278957.1","TEC","ENSG00000278957","2","overlapping_locus",NA,NA,NA,NA,NA,NA,"OTTHUMG00000184122.1",NA,NA,NA,NA,NA,NA,FALSE
"chr2",44932320,44932406,87,"+","ENSEMBL","gene",NA,NA,"ENSG00000274520.1","misc_RNA","ENSG00000274520","3",NA,NA,NA,NA,NA,NA,NA,NA,NA,NA,NA,NA,NA,NA,FALSE
"chr2",44934055,44934271,217,"+","ENSEMBL","gene",NA,NA,"ENSG00000277311.1","misc_RNA","ENSG00000277311","3",NA,NA,NA,NA,NA,NA,NA,NA,NA,NA,NA,NA,NA,NA,FALSE
"chr2",44935294,44935368,75,"+","ENSEMBL","gene",NA,NA,"ENSG00000276229.1","misc_RNA","ENSG00000276229","3",NA,NA,NA,NA,NA,NA,NA,NA,NA,NA,NA,NA,NA,NA,FALSE
"chr2",44935585,44935908,324,"+","ENSEMBL","gene",NA,NA,"ENSG00000277809.1","misc_RNA","ENSG00000277809","3",NA,NA,NA,NA,NA,NA,NA,NA,NA,NA,NA,NA,NA,NA,FALSE
"chr2",44937426,44937696,271,"+","ENSEMBL","gene",NA,NA,"ENSG00000276048.1","misc_RNA","ENSG00000276048","3",NA,NA,NA,NA,NA,NA,NA,NA,NA,NA,NA,NA,NA,NA,FALSE
"chr2",44938833,44939028,196,"+","ENSEMBL","gene",NA,NA,"ENSG00000274547.1","misc_RNA","ENSG00000274547","3",NA,NA,NA,NA,NA,NA,NA,NA,NA,NA,NA,NA,NA,NA,FALSE
"chr2",44940045,44940245,201,"+","ENSEMBL","gene",NA,NA,"ENSG00000276670.1","misc_RNA","ENSG00000276670","3",NA,NA,NA,NA,NA,NA,NA,NA,NA,NA,NA,NA,NA,NA,FALSE
"chr2",44975668,45290977,315310,"+","HAVANA","gene",NA,NA,"ENSG00000286728.2","lncRNA","ENSG00000286728","2","overlaps_pseudogene",NA,NA,NA,NA,NA,NA,"OTTHUMG00000195800.1",NA,NA,NA,NA,NA,NA,FALSE
"chr2",62957316,63048640,91325,"-","HAVANA","gene",NA,NA,"ENSG00000231609.8","lncRNA","EHBP1-AS1","2",NA,NA,NA,NA,NA,NA,"HGNC:55766","OTTHUMG00000152553.4",NA,NA,NA,NA,NA,NA,FALSE
"chr2",63057032,63058797,1766,"-","HAVANA","gene",NA,NA,"ENSG00000303305.1","lncRNA","ENSG00000303305","2",NA,NA,NA,NA,NA,NA,NA,NA,NA,NA,NA,NA,NA,NA,FALSE
"chr2",70887850,70889989,2140,"+","HAVANA","gene",NA,NA,"ENSG00000237751.3","lncRNA","LINC01143","2",NA,NA,NA,NA,NA,NA,"HGNC:49458","OTTHUMG00000153230.2",NA,NA,NA,NA,NA,NA,FALSE
"chr2",74455087,74457944,2858,"+","HAVANA","gene",NA,NA,"ENSG00000115274.15","protein_coding","INO80B","2","overlapping_locus",NA,NA,NA,NA,NA,"HGNC:13324","OTTHUMG00000129959.5",NA,NA,NA,NA,NA,NA,FALSE
"chr2",74455088,74460884,5797,"+","HAVANA","gene",NA,NA,"ENSG00000274049.4","protein_coding","INO80B-WBP1","2","readthrough_gene",NA,NA,NA,NA,NA,"HGNC:49199","OTTHUMG00000187278.1",NA,NA,NA,NA,NA,NA,FALSE
"chr2",74458400,74460891,2492,"+","HAVANA","gene",NA,NA,"ENSG00000239779.7","protein_coding","WBP1","1","overlapping_locus",NA,NA,NA,NA,NA,"HGNC:12737","OTTHUMG00000129958.4",NA,NA,NA,NA,NA,NA,FALSE
"chr2",74461057,74465410,4354,"-","HAVANA","gene",NA,NA,"ENSG00000115275.15","protein_coding","MOGS","1",NA,NA,NA,NA,NA,NA,"HGNC:24862","OTTHUMG00000152886.9",NA,NA,NA,NA,NA,NA,FALSE
"chr2",74465339,74472961,7623,"+","HAVANA","gene",NA,NA,"ENSG00000286883.1","lncRNA","ENSG00000286883","2",NA,NA,NA,NA,NA,NA,NA,"OTTHUMG00000194092.1",NA,NA,NA,NA,NA,NA,FALSE
"chr2",118766965,118836088,69124,"-","HAVANA","gene",NA,NA,"ENSG00000258910.4","lncRNA","LINC01956","1",NA,NA,NA,NA,NA,NA,"HGNC:52777","OTTHUMG00000170896.3",NA,NA,NA,NA,NA,NA,FALSE
"chr2",118835263,118836766,1504,"+","HAVANA","gene",NA,NA,"ENSG00000304815.1","lncRNA","ENSG00000304815","2",NA,NA,NA,NA,NA,NA,NA,NA,NA,NA,NA,NA,NA,NA,FALSE
"chr2",156010644,156320306,309663,"-","HAVANA","gene",NA,NA,"ENSG00000226383.8","lncRNA","LINC01876","1",NA,NA,NA,NA,NA,NA,"HGNC:52695","OTTHUMG00000153834.7",NA,NA,NA,NA,NA,NA,FALSE
"chr2",161414259,161415989,1731,"+","HAVANA","gene",NA,NA,"ENSG00000310102.1","lncRNA","ENSG00000310102","2",NA,NA,NA,NA,NA,NA,NA,NA,NA,NA,NA,NA,NA,NA,FALSE
"chr2",170700343,170818037,117695,"-","HAVANA","gene",NA,NA,"ENSG00000234350.8","lncRNA","ERICH2-DT","2",NA,NA,NA,NA,NA,NA,"HGNC:55686","OTTHUMG00000154055.18",NA,NA,NA,NA,NA,NA,FALSE
"chr2",170813213,170861151,47939,"+","HAVANA","gene",NA,NA,"ENSG00000128683.14","protein_coding","GAD1","2",NA,NA,NA,NA,NA,NA,"HGNC:4092","OTTHUMG00000044175.9",NA,NA,NA,NA,NA,NA,FALSE
"chr2",174326027,174341598,15572,"+","HAVANA","gene",NA,NA,"ENSG00000231453.2","lncRNA","LINC01305","2",NA,NA,NA,NA,NA,NA,"HGNC:27690","OTTHUMG00000154148.1",NA,NA,NA,NA,NA,NA,FALSE
"chr2",176068564,176071621,3058,"+","HAVANA","gene",NA,NA,"ENSG00000305042.1","lncRNA","ENSG00000305042","2",NA,NA,NA,NA,NA,NA,NA,NA,NA,NA,NA,NA,NA,NA,FALSE
"chr2",176084025,176085329,1305,"-","HAVANA","gene",NA,NA,"ENSG00000309788.1","lncRNA","ENSG00000309788","2",NA,NA,NA,NA,NA,NA,NA,NA,NA,NA,NA,NA,NA,NA,FALSE
"chr2",176121611,176137098,15488,"-","HAVANA","gene",NA,NA,"ENSG00000237380.8","lncRNA","HOXD-AS2","2",NA,NA,NA,NA,NA,NA,"HGNC:43756","OTTHUMG00000154174.4",NA,NA,NA,NA,NA,NA,FALSE
"chr2",176128524,176129628,1105,"-","HAVANA","gene",NA,NA,"ENSG00000298646.1","lncRNA","ENSG00000298646","2",NA,NA,NA,NA,NA,NA,NA,NA,NA,NA,NA,NA,NA,NA,FALSE
"chr2",176164164,176165716,1553,"-","HAVANA","gene",NA,NA,"ENSG00000272729.1","lncRNA","ENSG00000272729","2",NA,NA,NA,NA,NA,NA,NA,"OTTHUMG00000186066.1",NA,NA,NA,NA,NA,NA,FALSE
"chr2",199457671,199477035,19365,"+","HAVANA","gene",NA,NA,"ENSG00000225953.6","lncRNA","SATB2-AS1","2",NA,NA,NA,NA,NA,NA,"HGNC:26490","OTTHUMG00000154470.3",NA,NA,NA,NA,NA,NA,FALSE
"chr2",236159085,236162830,3746,"+","HAVANA","gene",NA,NA,"ENSG00000299448.1","lncRNA","ENSG00000299448","2",NA,NA,NA,NA,NA,NA,NA,NA,NA,NA,NA,NA,NA,NA,FALSE
"chr2",236161335,236164613,3279,"-","HAVANA","gene",NA,NA,"ENSG00000299466.1","lncRNA","ENSG00000299466","2",NA,NA,NA,NA,NA,NA,NA,NA,NA,NA,NA,NA,NA,NA,FALSE
"chr2",236163968,236431663,267696,"+","HAVANA","gene",NA,NA,"ENSG00000233611.5","lncRNA","GBX2-AS1","2",NA,NA,NA,NA,NA,NA,"HGNC:55714","OTTHUMG00000153089.2",NA,NA,NA,NA,NA,NA,FALSE
"chr2",236169088,236171444,2357,"-","HAVANA","gene",NA,NA,"ENSG00000299496.1","lncRNA","ENSG00000299496","2",NA,NA,NA,NA,NA,NA,NA,NA,NA,NA,NA,NA,NA,NA,FALSE
"chr3",27677819,27715214,37396,"+","HAVANA","gene",NA,NA,"ENSG00000272282.2","lncRNA","LINC02084","2",NA,NA,NA,NA,NA,NA,"HGNC:52934","OTTHUMG00000185461.1",NA,NA,NA,NA,NA,NA,FALSE
"chr3",62214400,62369406,155007,"-","HAVANA","gene",NA,NA,"ENSG00000241472.9","lncRNA","PTPRG-AS1","2",NA,NA,NA,NA,NA,NA,"HGNC:44638","OTTHUMG00000158657.5",NA,NA,NA,NA,NA,NA,FALSE
"chr3",62375010,62375911,902,"-","HAVANA","gene",NA,NA,"ENSG00000297042.1","lncRNA","ENSG00000297042","2",NA,NA,NA,NA,NA,NA,NA,NA,NA,NA,NA,NA,NA,NA,FALSE
"chr3",128488130,128539314,51185,"+","HAVANA","gene",NA,NA,"ENSG00000244300.4","lncRNA","GATA2-AS1","2","overlaps_pseudogene",NA,NA,NA,NA,NA,"HGNC:51108","OTTHUMG00000159693.2",NA,NA,NA,NA,NA,NA,FALSE
"chr3",138935873,138939344,3472,"+","HAVANA","gene",NA,NA,"ENSG00000300820.1","lncRNA","ENSG00000300820","2",NA,NA,NA,NA,NA,NA,NA,NA,NA,NA,NA,NA,NA,NA,FALSE
"chr3",169659960,169661162,1203,"+","HAVANA","gene",NA,NA,"ENSG00000302253.1","lncRNA","ENSG00000302253","2",NA,NA,NA,NA,NA,NA,NA,NA,NA,NA,NA,NA,NA,NA,FALSE
"chr3",181704668,181711738,7071,"-","HAVANA","gene",NA,NA,"ENSG00000289435.2","lncRNA","ENSG00000289435","2",NA,NA,NA,NA,NA,NA,NA,NA,NA,NA,NA,NA,NA,NA,FALSE
"chr3",181713264,181713551,288,"-","HAVANA","gene",NA,NA,"ENSG00000294981.1","lncRNA","ENSG00000294981","2",NA,NA,NA,NA,NA,NA,NA,NA,NA,NA,NA,NA,NA,NA,FALSE
"chr4",13526319,13534335,8017,"-","HAVANA","gene",NA,NA,"ENSG00000281202.2","lncRNA","LINC01097","2",NA,NA,NA,NA,NA,NA,"HGNC:27738","OTTHUMG00000189540.1",NA,NA,NA,NA,NA,NA,FALSE
"chr4",41748293,41872775,124483,"+","HAVANA","gene",NA,NA,"ENSG00000250467.2","lncRNA","PHOX2B-AS1","2","overlapping_locus",NA,NA,NA,NA,NA,"HGNC:40457","OTTHUMG00000160532.1",NA,NA,NA,NA,NA,NA,FALSE
"chr4",41872738,41882955,10218,"-","HAVANA","gene",NA,NA,"ENSG00000245870.6","lncRNA","LINC00682","2",NA,NA,NA,NA,NA,NA,"HGNC:44466","OTTHUMG00000160528.4",NA,NA,NA,NA,NA,NA,FALSE
"chr4",84480718,84483018,2301,"-","HAVANA","gene",NA,NA,"ENSG00000307997.1","lncRNA","ENSG00000307997","2",NA,NA,NA,NA,NA,NA,NA,NA,NA,NA,NA,NA,NA,NA,FALSE
"chr4",84499577,84501742,2166,"+","HAVANA","gene",NA,NA,"ENSG00000294930.1","lncRNA","ENSG00000294930","2",NA,NA,NA,NA,NA,NA,NA,NA,NA,NA,NA,NA,NA,NA,FALSE
"chr4",108167332,108305657,138326,"+","HAVANA","gene",NA,NA,"ENSG00000232021.10","lncRNA","LEF1-AS1","2",NA,NA,NA,NA,NA,NA,"HGNC:40339","OTTHUMG00000161028.4",NA,NA,NA,NA,NA,NA,FALSE
"chr4",112509150,112509791,642,"-","HAVANA","gene",NA,NA,"ENSG00000293961.1","lncRNA","ENSG00000293961","2",NA,NA,NA,NA,NA,NA,NA,NA,NA,NA,NA,NA,NA,NA,FALSE
"chr4",146610325,146638819,28495,"-","HAVANA","gene",NA,NA,"ENSG00000306157.1","lncRNA","ENSG00000306157","2",NA,NA,NA,NA,NA,NA,NA,NA,NA,NA,NA,NA,NA,NA,FALSE
"chr4",173453015,173523754,70740,"-","HAVANA","gene",NA,NA,"ENSG00000302225.1","lncRNA","ENSG00000302225","2",NA,NA,NA,NA,NA,NA,NA,NA,NA,NA,NA,NA,NA,NA,FALSE
"chr4",173521334,173697469,176136,"+","HAVANA","gene",NA,NA,"ENSG00000237125.14","lncRNA","HAND2-AS1","1",NA,NA,NA,NA,NA,NA,"HGNC:48872","OTTHUMG00000160783.9",NA,NA,NA,NA,NA,NA,FALSE
"chr4",173522475,173523316,842,"+","HAVANA","gene",NA,NA,"ENSG00000302411.1","lncRNA","ENSG00000302411","2",NA,NA,NA,NA,NA,NA,NA,NA,NA,NA,NA,NA,NA,NA,FALSE
"chr5",1883309,1885421,2113,"+","HAVANA","gene",NA,NA,"ENSG00000249116.3","lncRNA","IRX4-AS1","1",NA,NA,NA,NA,NA,NA,"HGNC:40305","OTTHUMG00000161602.1",NA,NA,NA,NA,NA,NA,FALSE
"chr5",1887332,1900493,13162,"+","HAVANA","gene",NA,NA,"ENSG00000249326.1","lncRNA","CTD-2194D22.4","2",NA,NA,NA,NA,NA,NA,NA,"OTTHUMG00000161605.1",NA,NA,NA,NA,NA,NA,FALSE
"chr5",2752131,2755397,3267,"+","HAVANA","gene",NA,NA,"ENSG00000186493.14","lncRNA","IRX2-DT","1",NA,NA,NA,NA,NA,NA,"HGNC:24226","OTTHUMG00000161741.12",NA,NA,NA,NA,NA,NA,FALSE
"chr5",2756465,2758585,2121,"+","HAVANA","gene",NA,NA,"ENSG00000289075.3","lncRNA","ENSG00000289075","2",NA,NA,NA,NA,NA,NA,NA,NA,NA,NA,NA,NA,NA,NA,FALSE
"chr5",3594201,3595693,1493,"-","HAVANA","gene",NA,NA,"ENSG00000305607.1","lncRNA","ENSG00000305607","2",NA,NA,NA,NA,NA,NA,NA,NA,NA,NA,NA,NA,NA,NA,FALSE
"chr5",3596211,3600188,3978,"-","HAVANA","gene",NA,NA,"ENSG00000259603.1","lncRNA","ENSG00000259603","2",NA,NA,NA,NA,NA,NA,NA,"OTTHUMG00000172226.1",NA,NA,NA,NA,NA,NA,FALSE
"chr5",42918237,43067492,149256,"-","HAVANA","gene",NA,NA,"ENSG00000177738.7","lncRNA","ANXA2R-OT1","2","overlapping_locus",NA,NA,NA,NA,NA,"HGNC:48996","OTTHUMG00000162133.5",NA,NA,NA,NA,NA,NA,FALSE
"chr5",42993764,43001007,7244,"+","HAVANA","gene",NA,NA,"ENSG00000286656.3","lncRNA","ENSG00000286656","2",NA,NA,NA,NA,NA,NA,NA,"OTTHUMG00000194229.1",NA,NA,NA,NA,NA,NA,FALSE
"chr5",43018145,43034640,16496,"+","HAVANA","gene",NA,NA,"ENSG00000251131.4","lncRNA","ENSG00000251131","1",NA,NA,NA,NA,NA,NA,NA,"OTTHUMG00000162236.6",NA,NA,NA,NA,NA,NA,FALSE
"chr5",50965151,50970304,5154,"-","HAVANA","gene",NA,NA,"ENSG00000251573.3","lncRNA","LINC02106","1",NA,NA,NA,NA,NA,NA,"HGNC:52961","OTTHUMG00000162408.2",NA,NA,NA,NA,NA,NA,FALSE
"chr5",50969338,50970195,858,"+","HAVANA","gene",NA,NA,"ENSG00000248918.3","lncRNA","ENSG00000248918","2",NA,NA,NA,NA,NA,NA,NA,"OTTHUMG00000162410.2",NA,NA,NA,NA,NA,NA,FALSE
"chr5",51372736,51383332,10597,"-","HAVANA","gene",NA,NA,"ENSG00000259663.3","lncRNA","ISL1-DT","2",NA,NA,NA,NA,NA,NA,"HGNC:55414","OTTHUMG00000171880.2",NA,NA,NA,NA,NA,NA,FALSE
"chr5",55219564,55227315,7752,"-","HAVANA","gene",NA,NA,"ENSG00000234602.9","protein_coding","MCIDAS","2",NA,NA,NA,NA,NA,NA,"HGNC:40050","OTTHUMG00000162600.3",NA,NA,NA,NA,NA,NA,FALSE
"chr5",55226982,55228967,1986,"+","HAVANA","gene",NA,NA,"ENSG00000305704.1","lncRNA","ENSG00000305704","2",NA,NA,NA,NA,NA,NA,NA,NA,NA,NA,NA,NA,NA,NA,FALSE
"chr5",73446357,73446984,628,"+","HAVANA","gene",NA,NA,"ENSG00000247993.2","lncRNA","FOXD1-AS1","2",NA,NA,NA,NA,NA,NA,"HGNC:50658","OTTHUMG00000160932.1",NA,NA,NA,NA,NA,NA,FALSE
"chr5",123086231,123090971,4741,"-","HAVANA","gene",NA,NA,"ENSG00000223652.3","lncRNA","PRDM6-AS1","2",NA,NA,NA,NA,NA,NA,"HGNC:55869","OTTHUMG00000150470.2",NA,NA,NA,NA,NA,NA,FALSE
"chr5",171305980,171309777,3798,"-","HAVANA","gene",NA,NA,"ENSG00000275038.2","lncRNA","ENSG00000275038","2",NA,NA,NA,NA,NA,NA,NA,"OTTHUMG00000166260.4",NA,NA,NA,NA,NA,NA,FALSE
"chr5",174720452,174724123,3672,"+","HAVANA","gene",NA,NA,"ENSG00000306781.1","lncRNA","ENSG00000306781","2",NA,NA,NA,NA,NA,NA,NA,NA,NA,NA,NA,NA,NA,NA,FALSE
"chr5",181043403,181043484,82,"-","ENSEMBL","gene",NA,NA,"ENSG00000277912.1","miRNA","MIR8089","3",NA,NA,NA,NA,NA,NA,"HGNC:50196",NA,NA,NA,NA,NA,NA,NA,FALSE
"chr6",27864062,27864401,340,"-","HAVANA","gene",NA,NA,"ENSG00000217646.1","processed_pseudogene","H2BC16P","2",NA,NA,NA,NA,NA,NA,"HGNC:4754","OTTHUMG00000014491.1",NA,NA,NA,NA,NA,NA,FALSE
"chr6",27865317,27865798,482,"+","HAVANA","gene",NA,NA,"ENSG00000276903.2","protein_coding","H2AC16","2",NA,NA,NA,NA,NA,NA,"HGNC:4730","OTTHUMG00000014492.2",NA,NA,NA,NA,NA,NA,FALSE
"chr6",50816777,50819244,2468,"-","HAVANA","gene",NA,NA,"ENSG00000297125.1","lncRNA","ENSG00000297125","2",NA,NA,NA,NA,NA,NA,NA,NA,NA,NA,NA,NA,NA,NA,FALSE
"chr6",104864464,104941450,76987,"-","HAVANA","gene",NA,NA,"ENSG00000203809.8","lncRNA","LIN28B-AS1","2",NA,NA,NA,NA,NA,NA,"HGNC:21553","OTTHUMG00000015289.5",NA,NA,NA,NA,NA,NA,FALSE
"chr6",104941595,104942172,578,"+","HAVANA","gene",NA,NA,"ENSG00000290011.2","lncRNA","ENSG00000290011","2","overlapping_locus",NA,NA,NA,NA,NA,NA,NA,NA,NA,NA,NA,NA,NA,FALSE
"chr6",117261335,117264840,3506,"-","HAVANA","gene",NA,NA,"ENSG00000287253.2","lncRNA","ENSG00000287253","2",NA,NA,NA,NA,NA,NA,NA,"OTTHUMG00000194607.1",NA,NA,NA,NA,NA,NA,FALSE
"chr6",117265558,117273565,8008,"+","HAVANA","gene",NA,NA,"ENSG00000170162.14","protein_coding","VGLL2","2",NA,NA,NA,NA,NA,NA,"HGNC:20232","OTTHUMG00000015451.2",NA,NA,NA,NA,NA,NA,FALSE
"chr6",125316941,125363471,46531,"+","HAVANA","gene",NA,NA,"ENSG00000304369.1","lncRNA","ENSG00000304369","2",NA,NA,NA,NA,NA,NA,NA,NA,NA,NA,NA,NA,NA,NA,FALSE
"chr6",125340148,125445222,105075,"-","HAVANA","gene",NA,NA,"ENSG00000226409.4","lncRNA","ENSG00000226409","2",NA,NA,NA,NA,NA,NA,NA,"OTTHUMG00000015507.5",NA,NA,NA,NA,NA,NA,FALSE
"chr6",149963943,149973715,9773,"+","HAVANA","gene",NA,NA,"ENSG00000111981.5","protein_coding","ULBP1","2",NA,NA,NA,NA,NA,NA,"HGNC:14893","OTTHUMG00000015810.3",NA,NA,NA,NA,NA,NA,FALSE
"chr7",19106908,19108807,1900,"+","HAVANA","gene",NA,NA,"ENSG00000306880.1","lncRNA","ENSG00000306880","2",NA,NA,NA,NA,NA,NA,NA,NA,NA,NA,NA,NA,NA,NA,FALSE
"chr7",23310209,23470491,160283,"-","HAVANA","gene",NA,NA,"ENSG00000136231.14","protein_coding","IGF2BP3","2",NA,NA,NA,NA,NA,NA,"HGNC:28868","OTTHUMG00000128445.7",NA,NA,NA,NA,NA,NA,FALSE
"chr7",23470541,23472941,2401,"+","HAVANA","gene",NA,NA,"ENSG00000298035.1","lncRNA","ENSG00000298035","2",NA,NA,NA,NA,NA,NA,NA,NA,NA,NA,NA,NA,NA,NA,FALSE
"chr7",25594338,25862518,268181,"-","HAVANA","gene",NA,NA,"ENSG00000286725.2","lncRNA","ENSG00000286725","2","overlapping_locus",NA,NA,NA,NA,NA,NA,"OTTHUMG00000194125.1",NA,NA,NA,NA,NA,NA,FALSE
"chr7",27095647,27100265,4619,"+","HAVANA","gene",NA,NA,"ENSG00000233429.9","lncRNA","HOTAIRM1","1","overlapping_locus",NA,NA,NA,NA,NA,"HGNC:37117","OTTHUMG00000158089.4",NA,NA,NA,NA,NA,NA,FALSE
"chr7",27096079,27122885,26807,"+","HAVANA","gene",NA,NA,"ENSG00000293629.1","lncRNA","ENSG00000293629","2","overlapping_locus",NA,NA,NA,NA,NA,NA,NA,NA,NA,NA,NA,NA,NA,FALSE
"chr7",27096124,27096248,125,"+","ENSEMBL","gene",NA,NA,"ENSG00000276528.1","misc_RNA","ENSG00000276528","3",NA,NA,NA,NA,NA,NA,NA,NA,NA,NA,NA,NA,NA,NA,FALSE
"chr7",27098900,27099114,215,"+","ENSEMBL","gene",NA,NA,"ENSG00000276771.1","misc_RNA","ENSG00000276771","3",NA,NA,NA,NA,NA,NA,NA,NA,NA,NA,NA,NA,NA,NA,FALSE
"chr7",27099778,27099836,59,"+","ENSEMBL","gene",NA,NA,"ENSG00000274864.1","misc_RNA","ENSG00000274864","3",NA,NA,NA,NA,NA,NA,NA,NA,NA,NA,NA,NA,NA,NA,FALSE
"chr7",27099856,27099957,102,"+","ENSEMBL","gene",NA,NA,"ENSG00000274396.1","misc_RNA","ENSG00000274396","3",NA,NA,NA,NA,NA,NA,NA,NA,NA,NA,NA,NA,NA,NA,FALSE
"chr7",27099967,27100111,145,"+","ENSEMBL","gene",NA,NA,"ENSG00000277694.1","misc_RNA","ENSG00000277694","3",NA,NA,NA,NA,NA,NA,NA,NA,NA,NA,NA,NA,NA,NA,FALSE
"chr7",27107777,27134302,26526,"+","HAVANA","gene",NA,NA,"ENSG00000253552.8","lncRNA","HOXA-AS2","1","overlapping_locus",NA,NA,NA,NA,NA,"HGNC:43745","OTTHUMG00000063274.7",NA,NA,NA,NA,NA,NA,FALSE
"chr7",27128969,27152561,23593,"-","HAVANA","gene",NA,NA,"ENSG00000273433.1","lncRNA","ENSG00000273433","2","overlapping_locus",NA,NA,NA,NA,NA,NA,"OTTHUMG00000186384.1",NA,NA,NA,NA,NA,NA,FALSE
"chr7",27129977,27155928,25952,"+","HAVANA","gene",NA,NA,"ENSG00000254369.7","lncRNA","HOXA-AS3","2","overlapping_locus",NA,NA,NA,NA,NA,"HGNC:43748","OTTHUMG00000158092.4",NA,NA,NA,NA,NA,NA,FALSE
"chr7",27147366,27152598,5233,"-","HAVANA","gene",NA,NA,"ENSG00000272801.1","lncRNA","ENSG00000272801","2","overlapping_locus",NA,NA,NA,NA,NA,NA,"OTTHUMG00000186385.1",NA,NA,NA,NA,NA,NA,FALSE
"chr7",27158344,27158976,633,"+","HAVANA","gene",NA,NA,"ENSG00000270182.1","lncRNA","ENSG00000270182","2","overlapping_locus",NA,NA,NA,NA,NA,NA,"OTTHUMG00000189080.1",NA,NA,NA,NA,NA,NA,FALSE
"chr7",27163535,27180013,16479,"-","HAVANA","gene",NA,NA,"ENSG00000257184.3","protein_coding","ENSG00000257184","2","readthrough_gene",NA,NA,NA,NA,NA,NA,"OTTHUMG00000170193.2",NA,NA,NA,NA,NA,NA,FALSE
"chr7",27166151,27172207,6057,"+","HAVANA","gene",NA,NA,"ENSG00000253187.3","lncRNA","HOXA10-AS","1","overlapping_locus",NA,NA,NA,NA,NA,"HGNC:40281","OTTHUMG00000158203.3",NA,NA,NA,NA,NA,NA,FALSE
"chr7",27168613,27189293,20681,"+","HAVANA","gene",NA,NA,"ENSG00000293630.1","lncRNA","ENSG00000293630","2","overlapping_locus",NA,NA,NA,NA,NA,NA,NA,NA,NA,NA,NA,NA,NA,FALSE
"chr7",27169480,27169563,84,"-","ENSEMBL","gene",NA,NA,"ENSG00000283745.1","miRNA","MIR196B","3",NA,NA,NA,NA,NA,NA,"HGNC:31790",NA,NA,NA,NA,NA,NA,NA,FALSE
"chr7",27184507,27189298,4792,"+","HAVANA","gene",NA,NA,"ENSG00000240990.10","lncRNA","HOXA11-AS","1","overlapping_locus",NA,NA,NA,NA,NA,"HGNC:24957","OTTHUMG00000158205.4",NA,NA,NA,NA,NA,NA,FALSE
"chr7",27185433,27185530,98,"+","ENSEMBL","gene",NA,NA,"ENSG00000273961.1","misc_RNA","ENSG00000273961","3",NA,NA,NA,NA,NA,NA,NA,NA,NA,NA,NA,NA,NA,NA,FALSE
"chr7",27185832,27186018,187,"+","ENSEMBL","gene",NA,NA,"ENSG00000278334.1","misc_RNA","ENSG00000278334","3",NA,NA,NA,NA,NA,NA,NA,NA,NA,NA,NA,NA,NA,NA,FALSE
"chr7",27186166,27186263,98,"+","ENSEMBL","gene",NA,NA,"ENSG00000276496.1","misc_RNA","ENSG00000276496","3",NA,NA,NA,NA,NA,NA,NA,NA,NA,NA,NA,NA,NA,NA,FALSE
"chr7",27186573,27193448,6876,"-","HAVANA","gene",NA,NA,"ENSG00000253508.1","lncRNA","ENSG00000253508","2",NA,NA,NA,NA,NA,NA,NA,"OTTHUMG00000170067.1",NA,NA,NA,NA,NA,NA,FALSE
"chr7",27186892,27187124,233,"+","ENSEMBL","gene",NA,NA,"ENSG00000277966.1","misc_RNA","ENSG00000277966","3",NA,NA,NA,NA,NA,NA,NA,NA,NA,NA,NA,NA,NA,NA,FALSE
"chr7",27187236,27188289,1054,"-","HAVANA","gene",NA,NA,"ENSG00000299510.1","lncRNA","ENSG00000299510","2",NA,NA,NA,NA,NA,NA,NA,NA,NA,NA,NA,NA,NA,NA,FALSE
"chr7",27187819,27188021,203,"+","ENSEMBL","gene",NA,NA,"ENSG00000278592.1","misc_RNA","ENSG00000278592","3",NA,NA,NA,NA,NA,NA,NA,NA,NA,NA,NA,NA,NA,NA,FALSE
"chr7",27188816,27188994,179,"+","ENSEMBL","gene",NA,NA,"ENSG00000278020.1","misc_RNA","ENSG00000278020","3",NA,NA,NA,NA,NA,NA,NA,NA,NA,NA,NA,NA,NA,NA,FALSE
"chr7",27198575,27207259,8685,"+","HAVANA","gene",NA,NA,"ENSG00000243766.9","lncRNA","HOTTIP","2","ncRNA_host",NA,NA,NA,NA,NA,"HGNC:37461","OTTHUMG00000063751.8",NA,NA,NA,NA,NA,NA,FALSE
"chr7",27200465,27200521,57,"+","ENSEMBL","gene",NA,NA,"ENSG00000276609.1","misc_RNA","ENSG00000276609","3",NA,NA,NA,NA,NA,NA,NA,NA,NA,NA,NA,NA,NA,NA,FALSE
"chr7",27201844,27202219,376,"+","ENSEMBL","gene",NA,NA,"ENSG00000278708.1","misc_RNA","ENSG00000278708","3",NA,NA,NA,NA,NA,NA,NA,NA,NA,NA,NA,NA,NA,NA,FALSE
"chr7",27202302,27202638,337,"+","ENSEMBL","gene",NA,NA,"ENSG00000277469.1","misc_RNA","ENSG00000277469","3",NA,NA,NA,NA,NA,NA,NA,NA,NA,NA,NA,NA,NA,NA,FALSE
"chr7",27210801,27212965,2165,"-","HAVANA","gene",NA,NA,"ENSG00000286323.1","lncRNA","ENSG00000286323","2",NA,NA,NA,NA,NA,NA,NA,"OTTHUMG00000194048.1",NA,NA,NA,NA,NA,NA,FALSE
"chr7",27213265,27221807,8543,"+","HAVANA","gene",NA,NA,"ENSG00000308571.1","lncRNA","ENSG00000308571","2",NA,NA,NA,NA,NA,NA,NA,NA,NA,NA,NA,NA,NA,NA,FALSE
"chr7",27229198,27235960,6763,"-","HAVANA","gene",NA,NA,"ENSG00000299743.1","lncRNA","ENSG00000299743","2",NA,NA,NA,NA,NA,NA,NA,NA,NA,NA,NA,NA,NA,NA,FALSE
"chr7",27235479,27237014,1536,"+","HAVANA","gene",NA,NA,"ENSG00000299766.1","lncRNA","ENSG00000299766","2",NA,NA,NA,NA,NA,NA,NA,NA,NA,NA,NA,NA,NA,NA,FALSE
"chr7",96955141,97014088,58948,"-","HAVANA","gene",NA,NA,"ENSG00000231764.12","lncRNA","DLX6-AS1","2","ncRNA_host",NA,NA,NA,NA,NA,"HGNC:37151","OTTHUMG00000154198.11",NA,NA,NA,NA,NA,NA,FALSE
"chr7",97004752,97005430,679,"-","HAVANA","gene",NA,NA,"ENSG00000309522.1","lncRNA","ENSG00000309522","2",NA,NA,NA,NA,NA,NA,NA,NA,NA,NA,NA,NA,NA,NA,FALSE
"chr7",129763059,129781906,18848,"-","HAVANA","gene",NA,NA,"ENSG00000286380.4","lncRNA","ENSG00000286380","2","ncRNA_host",NA,NA,NA,NA,NA,NA,"OTTHUMG00000194371.1",NA,NA,NA,NA,NA,NA,FALSE
"chr7",129780334,129793244,12911,"+","HAVANA","gene",NA,NA,"ENSG00000290319.2","lncRNA","ENSG00000290319","2",NA,NA,NA,NA,NA,NA,NA,NA,NA,NA,NA,NA,NA,NA,FALSE
"chr7",129783370,129785185,1816,"-","HAVANA","gene",NA,NA,"ENSG00000242078.1","lncRNA","ENSG00000242078","2",NA,NA,NA,NA,NA,NA,NA,"OTTHUMG00000157659.1",NA,NA,NA,NA,NA,NA,FALSE
"chr7",155418803,155457119,38317,"-","HAVANA","gene",NA,NA,"ENSG00000236544.2","lncRNA","EN2-DT","2",NA,NA,NA,NA,NA,NA,"HGNC:55659","OTTHUMG00000151348.1",NA,NA,NA,NA,NA,NA,FALSE
"chr7",155465818,155468439,2622,"-","HAVANA","gene",NA,NA,"ENSG00000297147.1","lncRNA","ENSG00000297147","2",NA,NA,NA,NA,NA,NA,NA,NA,NA,NA,NA,NA,NA,NA,FALSE
"chr7",155474206,155555450,81245,"-","HAVANA","gene",NA,NA,"ENSG00000146910.14","protein_coding","CNPY1","2","overlapping_locus",NA,NA,NA,NA,NA,"HGNC:27786","OTTHUMG00000151353.3",NA,NA,NA,NA,NA,NA,FALSE
"chr7",155510283,155518623,8341,"+","HAVANA","gene",NA,NA,"ENSG00000227365.1","lncRNA","ENSG00000227365","2",NA,NA,NA,NA,NA,NA,NA,"OTTHUMG00000151347.1",NA,NA,NA,NA,NA,NA,FALSE
"chr7",157006307,157007132,826,"+","HAVANA","gene",NA,NA,"ENSG00000235029.1","lncRNA","MNX1-AS2","2",NA,NA,NA,NA,NA,NA,"HGNC:40278","OTTHUMG00000187957.1",NA,NA,NA,NA,NA,NA,FALSE
"chr7",157007750,157017621,9872,"+","HAVANA","gene",NA,NA,"ENSG00000243479.4","lncRNA","MNX1-AS1","2",NA,NA,NA,NA,NA,NA,"HGNC:48954","OTTHUMG00000188695.1",NA,NA,NA,NA,NA,NA,FALSE
"chr8",26045489,26048388,2900,"+","HAVANA","gene",NA,NA,"ENSG00000303292.1","lncRNA","ENSG00000303292","2",NA,NA,NA,NA,NA,NA,NA,NA,NA,NA,NA,NA,NA,NA,FALSE
"chr8",26049196,26050694,1499,"+","HAVANA","gene",NA,NA,"ENSG00000302262.1","lncRNA","ENSG00000302262","2",NA,NA,NA,NA,NA,NA,NA,NA,NA,NA,NA,NA,NA,NA,FALSE
"chr8",54416427,54454848,38422,"-","HAVANA","gene",NA,NA,"ENSG00000296109.1","lncRNA","ENSG00000296109","2",NA,NA,NA,NA,NA,NA,NA,NA,NA,NA,NA,NA,NA,NA,FALSE
"chr8",64578586,64579626,1041,"+","HAVANA","gene",NA,NA,"ENSG00000306925.1","lncRNA","ENSG00000306925","2",NA,NA,NA,NA,NA,NA,NA,NA,NA,NA,NA,NA,NA,NA,FALSE
"chr8",71551771,71601608,49838,"+","HAVANA","gene",NA,NA,"ENSG00000303523.1","lncRNA","ENSG00000303523","2",NA,NA,NA,NA,NA,NA,NA,NA,NA,NA,NA,NA,NA,NA,FALSE
"chr8",76678230,76679376,1147,"+","HAVANA","gene",NA,NA,"ENSG00000305949.1","lncRNA","ENSG00000305949","2",NA,NA,NA,NA,NA,NA,NA,NA,NA,NA,NA,NA,NA,NA,FALSE
"chr8",98371228,98942827,571600,"-","HAVANA","gene",NA,NA,"ENSG00000104375.17","protein_coding","STK3","1","overlapping_locus",NA,NA,NA,NA,NA,"HGNC:11406","OTTHUMG00000164651.10",NA,NA,NA,NA,NA,NA,FALSE
"chr8",98943595,98944098,504,"+","HAVANA","gene",NA,NA,"ENSG00000271930.1","lncRNA","ENSG00000271930","2",NA,NA,NA,NA,NA,NA,NA,"OTTHUMG00000185510.1",NA,NA,NA,NA,NA,NA,FALSE
"chr9",970436,971692,1257,"-","HAVANA","gene",NA,NA,"ENSG00000309491.1","lncRNA","ENSG00000309491","2",NA,NA,NA,NA,NA,NA,NA,NA,NA,NA,NA,NA,NA,NA,FALSE
"chr9",970769,971449,681,"+","HAVANA","gene",NA,NA,"ENSG00000309504.1","lncRNA","ENSG00000309504","2",NA,NA,NA,NA,NA,NA,NA,NA,NA,NA,NA,NA,NA,NA,FALSE
"chr9",14317073,14495250,178178,"+","HAVANA","gene",NA,NA,"ENSG00000225472.3","lncRNA","NFIB-AS1","2",NA,NA,NA,NA,NA,NA,"HGNC:56058","OTTHUMG00000019570.2",NA,NA,NA,NA,NA,NA,FALSE
"chr9",21967752,21995301,27550,"-","HAVANA","gene",NA,NA,"ENSG00000147889.18","protein_coding","CDKN2A","1",NA,NA,NA,NA,NA,NA,"HGNC:1787","OTTHUMG00000019686.7",NA,NA,NA,NA,NA,NA,FALSE
"chr9",37027938,37029135,1198,"+","HAVANA","gene",NA,NA,"ENSG00000305240.1","lncRNA","ENSG00000305240","2",NA,NA,NA,NA,NA,NA,NA,NA,NA,NA,NA,NA,NA,NA,FALSE
"chr9",77014969,77015794,826,"+","HAVANA","gene",NA,NA,"ENSG00000310255.1","lncRNA","ENSG00000310255","2",NA,NA,NA,NA,NA,NA,NA,NA,NA,NA,NA,NA,NA,NA,FALSE
"chr9",112957722,113012230,54509,"-","HAVANA","gene",NA,NA,"ENSG00000291094.2","lncRNA","ENSG00000291094","2",NA,NA,NA,NA,NA,NA,NA,NA,NA,NA,NA,NA,NA,NA,FALSE
"chr9",113060086,113060507,422,"-","HAVANA","gene",NA,NA,"ENSG00000285115.1","unprocessed_pseudogene","ENSG00000285115","2",NA,NA,NA,NA,NA,NA,NA,"OTTHUMG00000192495.1",NA,NA,NA,NA,NA,NA,FALSE
"chr9",113065535,113065956,422,"-","HAVANA","gene",NA,NA,"ENSG00000284763.1","unprocessed_pseudogene","ENSG00000284763","2",NA,NA,NA,NA,NA,NA,NA,"OTTHUMG00000192496.1",NA,NA,NA,NA,NA,NA,FALSE
"chr9",113070983,113071404,422,"-","HAVANA","gene",NA,NA,"ENSG00000284962.1","unprocessed_pseudogene","ENSG00000284962","2",NA,NA,NA,NA,NA,NA,NA,"OTTHUMG00000192497.1",NA,NA,NA,NA,NA,NA,FALSE
"chr9",113076429,113076850,422,"-","HAVANA","gene",NA,NA,"ENSG00000285076.1","unprocessed_pseudogene","ENSG00000285076","2",NA,NA,NA,NA,NA,NA,NA,"OTTHUMG00000192498.1",NA,NA,NA,NA,NA,NA,FALSE
"chr9",113081871,113082292,422,"-","HAVANA","gene",NA,NA,"ENSG00000284867.1","unprocessed_pseudogene","ENSG00000284867","2",NA,NA,NA,NA,NA,NA,NA,"OTTHUMG00000192499.1",NA,NA,NA,NA,NA,NA,FALSE
"chr9",113087317,113087738,422,"-","HAVANA","gene",NA,NA,"ENSG00000285370.1","unprocessed_pseudogene","ENSG00000285370","2",NA,NA,NA,NA,NA,NA,NA,"OTTHUMG00000192500.1",NA,NA,NA,NA,NA,NA,FALSE
"chr9",113095149,113111543,16395,"-","HAVANA","gene",NA,NA,"ENSG00000225684.5","lncRNA","FAM225B","2",NA,NA,NA,NA,NA,NA,"HGNC:21865","OTTHUMG00000020515.6",NA,NA,NA,NA,NA,NA,FALSE
"chr9",113111624,113119928,8305,"+","HAVANA","gene",NA,NA,"ENSG00000231528.4","lncRNA","FAM225A","2",NA,NA,NA,NA,NA,NA,"HGNC:27855","OTTHUMG00000020516.4",NA,NA,NA,NA,NA,NA,FALSE
"chr9",123996091,124000369,4279,"-","HAVANA","gene",NA,NA,"ENSG00000309565.1","lncRNA","ENSG00000309565","2",NA,NA,NA,NA,NA,NA,NA,NA,NA,NA,NA,NA,NA,NA,FALSE
"chr9",124000191,124001472,1282,"+","HAVANA","gene",NA,NA,"ENSG00000309586.1","lncRNA","ENSG00000309586","2",NA,NA,NA,NA,NA,NA,NA,NA,NA,NA,NA,NA,NA,NA,FALSE
"chr9",124006277,124009541,3265,"-","HAVANA","gene",NA,NA,"ENSG00000236668.4","lncRNA","LHX2-AS1","2",NA,NA,NA,NA,NA,NA,"HGNC:56163","OTTHUMG00000020644.2",NA,NA,NA,NA,NA,NA,FALSE
"chr9",124008754,124009698,945,"+","HAVANA","gene",NA,NA,"ENSG00000294309.1","lncRNA","ENSG00000294309","2","overlapping_locus",NA,NA,NA,NA,NA,NA,NA,NA,NA,NA,NA,NA,NA,FALSE
"chr9",124010530,124011114,585,"+","HAVANA","gene",NA,NA,"ENSG00000231227.1","lncRNA","ENSG00000231227","2","overlapping_locus",NA,NA,NA,NA,NA,NA,"OTTHUMG00000020646.1",NA,NA,NA,NA,NA,NA,FALSE
"chr9",126589327,126613761,24435,"-","HAVANA","gene",NA,NA,"ENSG00000224842.3","lncRNA","LMX1B-DT","2",NA,NA,NA,NA,NA,NA,"HGNC:55849","OTTHUMG00000020690.2",NA,NA,NA,NA,NA,NA,FALSE
"chr9",132525392,132531805,6414,"-","HAVANA","gene",NA,NA,"ENSG00000303739.1","lncRNA","ENSG00000303739","2",NA,NA,NA,NA,NA,NA,NA,NA,NA,NA,NA,NA,NA,NA,FALSE
"chr10",8016633,8057043,40411,"-","HAVANA","gene",NA,NA,"ENSG00000197308.10","lncRNA","GATA3-AS1","2",NA,NA,NA,NA,NA,NA,"HGNC:33786","OTTHUMG00000156966.1",NA,NA,NA,NA,NA,NA,FALSE
"chr10",8051216,8053299,2084,"+","HAVANA","gene",NA,NA,"ENSG00000232638.2","lncRNA","ENSG00000232638","1",NA,NA,NA,NA,NA,NA,NA,"OTTHUMG00000017642.1",NA,NA,NA,NA,NA,NA,FALSE
"chr10",22332584,22334490,1907,"-","HAVANA","gene",NA,NA,"ENSG00000271981.2","lncRNA","ENSG00000271981","2",NA,NA,NA,NA,NA,NA,NA,"OTTHUMG00000185318.1",NA,NA,NA,NA,NA,NA,FALSE
"chr10",22333221,22333687,467,"+","HAVANA","gene",NA,NA,"ENSG00000294259.1","lncRNA","ENSG00000294259","2",NA,NA,NA,NA,NA,NA,NA,NA,NA,NA,NA,NA,NA,NA,FALSE
"chr10",22337132,22340355,3224,"+","HAVANA","gene",NA,NA,"ENSG00000310148.1","lncRNA","ENSG00000310148","2",NA,NA,NA,NA,NA,NA,NA,NA,NA,NA,NA,NA,NA,NA,FALSE
"chr10",26216665,26304558,87894,"+","HAVANA","gene",NA,NA,"ENSG00000136750.13","protein_coding","GAD2","2",NA,NA,NA,NA,NA,NA,"HGNC:4093","OTTHUMG00000017836.5",NA,NA,NA,NA,NA,NA,FALSE
"chr10",75274719,75401246,126528,"-","HAVANA","gene",NA,NA,"ENSG00000270087.8","lncRNA","ENSG00000270087","2","overlapping_locus",NA,NA,NA,NA,NA,NA,"OTTHUMG00000184165.1",NA,NA,NA,NA,NA,NA,FALSE
"chr10",75396195,75397880,1686,"+","HAVANA","gene",NA,NA,"ENSG00000297120.1","lncRNA","ENSG00000297120","2",NA,NA,NA,NA,NA,NA,NA,NA,NA,NA,NA,NA,NA,NA,FALSE
"chr10",75400962,75408982,8021,"+","HAVANA","gene",NA,NA,"ENSG00000237149.6","lncRNA","ZNF503-AS2","2",NA,NA,NA,NA,NA,NA,"HGNC:23525","OTTHUMG00000018528.4",NA,NA,NA,NA,NA,NA,FALSE
"chr10",75408361,75409694,1334,"-","HAVANA","gene",NA,NA,"ENSG00000273248.3","lncRNA","ENSG00000273248","2",NA,NA,NA,NA,NA,NA,NA,"OTTHUMG00000186430.1",NA,NA,NA,NA,NA,NA,FALSE
"chr10",75409142,75412413,3272,"+","HAVANA","gene",NA,NA,"ENSG00000272692.3","lncRNA","ENSG00000272692","2",NA,NA,NA,NA,NA,NA,NA,"OTTHUMG00000186431.2",NA,NA,NA,NA,NA,NA,FALSE
"chr10",97356357,97426076,69720,"-","HAVANA","gene",NA,NA,"ENSG00000052749.15","protein_coding","RRP12","2","overlapping_locus",NA,NA,NA,NA,NA,"HGNC:29100","OTTHUMG00000018855.8",NA,NA,NA,NA,NA,NA,FALSE
"chr10",97426191,97433444,7254,"+","HAVANA","gene",NA,NA,"ENSG00000171314.9","protein_coding","PGAM1","2",NA,NA,NA,NA,NA,NA,"HGNC:8888","OTTHUMG00000018846.3",NA,NA,NA,NA,NA,NA,FALSE
"chr10",99523336,99532781,9446,"-","HAVANA","gene",NA,NA,"ENSG00000257582.6","lncRNA","LINC01475","2",NA,NA,NA,NA,NA,NA,"HGNC:51113","OTTHUMG00000170536.1",NA,NA,NA,NA,NA,NA,FALSE
"chr10",100729153,100732024,2872,"+","HAVANA","gene",NA,NA,"ENSG00000295641.1","lncRNA","ENSG00000295641","2",NA,NA,NA,NA,NA,NA,NA,NA,NA,NA,NA,NA,NA,NA,FALSE
"chr10",100730221,100731338,1118,"-","HAVANA","gene",NA,NA,"ENSG00000295664.1","lncRNA","ENSG00000295664","2",NA,NA,NA,NA,NA,NA,NA,NA,NA,NA,NA,NA,NA,NA,FALSE
"chr10",101221750,101270148,48399,"+","HAVANA","gene",NA,NA,"ENSG00000227128.6","lncRNA","LBX1-AS1","2",NA,NA,NA,NA,NA,NA,"HGNC:48678","OTTHUMG00000170500.4",NA,NA,NA,NA,NA,NA,FALSE
"chr11",20162285,20275056,112772,"+","HAVANA","gene",NA,NA,"ENSG00000294773.1","lncRNA","ENSG00000294773","2",NA,NA,NA,NA,NA,NA,NA,NA,NA,NA,NA,NA,NA,NA,FALSE
"chr11",31812307,32002405,190099,"+","HAVANA","gene",NA,NA,"ENSG00000281880.2","lncRNA","PAUPAR","2","overlapping_locus",NA,NA,NA,NA,NA,"HGNC:49670","OTTHUMG00000189576.2",NA,NA,NA,NA,NA,NA,FALSE
"chr11",31812391,32104665,292275,"+","HAVANA","gene",NA,NA,"ENSG00000285283.1","protein_coding","ENSG00000285283","2","readthrough_gene",NA,NA,NA,NA,NA,NA,"OTTHUMG00000192409.1",NA,NA,NA,NA,NA,NA,FALSE
"chr11",32435324,32500645,65322,"+","HAVANA","gene",NA,NA,"ENSG00000183242.14","lncRNA","WT1-AS","2","ncRNA_host",NA,NA,NA,NA,NA,"HGNC:18135","OTTHUMG00000039557.3",NA,NA,NA,NA,NA,NA,FALSE
"chr11",32435738,32435846,109,"+","ENSEMBL","gene",NA,NA,"ENSG00000278822.1","misc_RNA","ENSG00000278822","3",NA,NA,NA,NA,NA,NA,NA,NA,NA,NA,NA,NA,NA,NA,FALSE
"chr11",32436311,32436447,137,"+","ENSEMBL","gene",NA,NA,"ENSG00000273677.1","misc_RNA","ENSG00000273677","3",NA,NA,NA,NA,NA,NA,NA,NA,NA,NA,NA,NA,NA,NA,FALSE
"chr11",32436797,32437030,234,"+","ENSEMBL","gene",NA,NA,"ENSG00000278045.1","misc_RNA","ENSG00000278045","3",NA,NA,NA,NA,NA,NA,NA,NA,NA,NA,NA,NA,NA,NA,FALSE
"chr11",32439086,32439206,121,"+","ENSEMBL","gene",NA,NA,"ENSG00000276530.1","misc_RNA","ENSG00000276530","3",NA,NA,NA,NA,NA,NA,NA,NA,NA,NA,NA,NA,NA,NA,FALSE
"chr11",32439716,32440009,294,"+","ENSEMBL","gene",NA,NA,"ENSG00000273908.1","misc_RNA","ENSG00000273908","3",NA,NA,NA,NA,NA,NA,NA,NA,NA,NA,NA,NA,NA,NA,FALSE
"chr11",32440109,32440383,275,"+","ENSEMBL","gene",NA,NA,"ENSG00000277119.1","misc_RNA","ENSG00000277119","3",NA,NA,NA,NA,NA,NA,NA,NA,NA,NA,NA,NA,NA,NA,FALSE
"chr11",44316690,44319233,2544,"-","HAVANA","gene",NA,NA,"ENSG00000297656.1","lncRNA","ENSG00000297656","2",NA,NA,NA,NA,NA,NA,NA,NA,NA,NA,NA,NA,NA,NA,FALSE
"chr11",44319332,44322776,3445,"+","HAVANA","gene",NA,NA,"ENSG00000305094.1","lncRNA","ENSG00000305094","2",NA,NA,NA,NA,NA,NA,NA,NA,NA,NA,NA,NA,NA,NA,FALSE
"chr11",128582684,128686922,104239,"-","HAVANA","gene",NA,NA,"ENSG00000245008.5","lncRNA","ENSG00000245008","2",NA,NA,NA,NA,NA,NA,NA,"OTTHUMG00000165791.3",NA,NA,NA,NA,NA,NA,FALSE
"chr11",128691664,128696038,4375,"-","HAVANA","gene",NA,NA,"ENSG00000254703.5","lncRNA","SENCR","2",NA,NA,NA,NA,NA,NA,"HGNC:44177","OTTHUMG00000165793.2",NA,NA,NA,NA,NA,NA,FALSE
"chr12",27762427,27780236,17810,"-","HAVANA","gene",NA,NA,"ENSG00000205693.4","protein_coding","MANSC4","1",NA,NA,NA,NA,NA,NA,"HGNC:40023","OTTHUMG00000169216.3",NA,NA,NA,NA,NA,NA,FALSE
"chr12",27779821,27781067,1247,"-","HAVANA","gene",NA,NA,"ENSG00000256747.1","lncRNA","ENSG00000256747","2",NA,NA,NA,NA,NA,NA,NA,"OTTHUMG00000169218.1",NA,NA,NA,NA,NA,NA,FALSE
"chr12",27780048,27803040,22993,"+","HAVANA","gene",NA,NA,"ENSG00000087448.11","protein_coding","KLHL42","2",NA,NA,NA,NA,NA,NA,"HGNC:29252","OTTHUMG00000169217.3",NA,NA,NA,NA,NA,NA,FALSE
"chr12",53927228,53930791,3564,"-","HAVANA","gene",NA,NA,"ENSG00000309359.1","lncRNA","ENSG00000309359","2",NA,NA,NA,NA,NA,NA,NA,NA,NA,NA,NA,NA,NA,NA,FALSE
"chr12",53935250,53939692,4443,"-","HAVANA","gene",NA,NA,"ENSG00000249641.3","lncRNA","HOXC13-AS","1",NA,NA,NA,NA,NA,NA,"HGNC:43753","OTTHUMG00000160009.2",NA,NA,NA,NA,NA,NA,FALSE
"chr12",53953598,53956638,3041,"-","HAVANA","gene",NA,NA,"ENSG00000293679.1","lncRNA","ENSG00000293679","2","overlapping_locus",NA,NA,NA,NA,NA,NA,NA,NA,NA,NA,NA,NA,NA,FALSE
"chr12",53953598,53966317,12720,"-","HAVANA","gene",NA,NA,"ENSG00000293680.1","lncRNA","ENSG00000293680","2","overlapping_locus",NA,NA,NA,NA,NA,NA,NA,NA,NA,NA,NA,NA,NA,FALSE
"chr12",53962308,53975055,12748,"-","HAVANA","gene",NA,NA,"ENSG00000228630.8","lncRNA","HOTAIR","2","overlapping_locus",NA,NA,NA,NA,NA,"HGNC:33510","OTTHUMG00000152934.1",NA,NA,NA,NA,NA,NA,FALSE
"chr12",53962308,53985549,23242,"-","HAVANA","gene",NA,NA,"ENSG00000293681.1","lncRNA","ENSG00000293681","2","overlapping_locus",NA,NA,NA,NA,NA,NA,NA,NA,NA,NA,NA,NA,NA,FALSE
"chr12",53963629,53963697,69,"+","ENSEMBL","gene",NA,NA,"ENSG00000275589.1","misc_RNA","ENSG00000275589","3",NA,NA,NA,NA,NA,NA,NA,NA,NA,NA,NA,NA,NA,NA,FALSE
"chr12",53965965,53966061,97,"+","ENSEMBL","gene",NA,NA,"ENSG00000277994.1","misc_RNA","ENSG00000277994","3",NA,NA,NA,NA,NA,NA,NA,NA,NA,NA,NA,NA,NA,NA,FALSE
"chr12",53981509,53986339,4831,"-","HAVANA","gene",NA,NA,"ENSG00000251151.3","lncRNA","HOXC-AS3","1",NA,NA,NA,NA,NA,NA,"HGNC:43751","OTTHUMG00000160025.1",NA,NA,NA,NA,NA,NA,FALSE
"chr12",53985845,54034888,49044,"+","HAVANA","gene",NA,NA,"ENSG00000273049.1","protein_coding","ENSG00000273049","2","readthrough_gene",NA,NA,NA,NA,NA,NA,"OTTHUMG00000186015.1",NA,NA,NA,NA,NA,NA,FALSE
"chr12",53991738,53991847,110,"+","ENSEMBL","gene",NA,NA,"ENSG00000207924.3","miRNA","MIR196A2","3",NA,NA,NA,NA,NA,NA,"HGNC:31568",NA,NA,NA,NA,NA,NA,NA,FALSE
"chr12",53993810,53996785,2976,"-","HAVANA","gene",NA,NA,"ENSG00000250133.2","lncRNA","HOXC-AS2","1",NA,NA,NA,NA,NA,NA,"HGNC:43750","OTTHUMG00000160030.2",NA,NA,NA,NA,NA,NA,FALSE
"chr12",53999016,54000011,996,"-","HAVANA","gene",NA,NA,"ENSG00000250451.6","lncRNA","HOXC-AS1","1",NA,NA,NA,NA,NA,NA,"HGNC:43749","OTTHUMG00000160024.1",NA,NA,NA,NA,NA,NA,FALSE
"chr12",54017110,54035361,18252,"+","HAVANA","gene",NA,NA,"ENSG00000273046.1","lncRNA","ENSG00000273046","2","overlapping_locus",NA,NA,NA,NA,NA,NA,"OTTHUMG00000186499.2",NA,NA,NA,NA,NA,NA,FALSE
"chr12",54019910,54022589,2680,"+","HAVANA","gene",NA,NA,"ENSG00000260597.1","lncRNA","ENSG00000260597","2","overlapping_locus",NA,NA,NA,NA,NA,NA,"OTTHUMG00000173080.1",NA,NA,NA,NA,NA,NA,FALSE
"chr12",54033950,54034045,96,"+","ENSEMBL","gene",NA,NA,"ENSG00000207571.1","miRNA","MIR615","3",NA,NA,NA,NA,NA,NA,"HGNC:32871",NA,NA,NA,NA,NA,NA,NA,FALSE
"chr12",54058140,54122235,64096,"+","HAVANA","gene",NA,NA,"ENSG00000249388.4","lncRNA","FLJ12825","2","overlapping_locus",NA,NA,NA,NA,NA,NA,"OTTHUMG00000160034.2",NA,NA,NA,NA,NA,NA,FALSE
"chr12",85274810,85276566,1757,"+","HAVANA","gene",NA,NA,"ENSG00000304308.1","lncRNA","ENSG00000304308","2",NA,NA,NA,NA,NA,NA,NA,NA,NA,NA,NA,NA,NA,NA,FALSE
"chr12",110909996,111052434,142439,"-","HAVANA","gene",NA,NA,"ENSG00000111245.18","protein_coding","MYL2","2",NA,NA,NA,NA,NA,NA,"HGNC:7583","OTTHUMG00000169535.5",NA,NA,NA,NA,NA,NA,FALSE
"chr12",111030714,111035577,4864,"-","HAVANA","gene",NA,NA,"ENSG00000309108.1","lncRNA","ENSG00000309108","2",NA,NA,NA,NA,NA,NA,NA,NA,NA,NA,NA,NA,NA,NA,FALSE
"chr12",113467570,113480636,13067,"+","HAVANA","gene",NA,NA,"ENSG00000257935.5","lncRNA","LHX5-AS1","2",NA,NA,NA,NA,NA,NA,"HGNC:49570","OTTHUMG00000169553.3",NA,NA,NA,NA,NA,NA,FALSE
"chr12",114681703,114767992,86290,"+","HAVANA","gene",NA,NA,"ENSG00000257817.3","lncRNA","TBX3-AS1","2","ncRNA_host",NA,NA,NA,NA,NA,"HGNC:55471","OTTHUMG00000169584.8",NA,NA,NA,NA,NA,NA,FALSE
"chr12",130144315,130163495,19181,"-","HAVANA","gene",NA,NA,"ENSG00000250208.8","lncRNA","FZD10-AS1","2",NA,NA,NA,NA,NA,NA,"HGNC:48632","OTTHUMG00000168379.2",NA,NA,NA,NA,NA,NA,FALSE
"chr12",130162459,130165740,3282,"+","HAVANA","gene",NA,NA,"ENSG00000111432.5","protein_coding","FZD10","2",NA,NA,NA,NA,NA,NA,"HGNC:4039","OTTHUMG00000168380.3",NA,NA,NA,NA,NA,NA,FALSE
"chr13",20125310,20126913,1604,"-","HAVANA","gene",NA,NA,"ENSG00000303261.1","lncRNA","ENSG00000303261","2",NA,NA,NA,NA,NA,NA,NA,NA,NA,NA,NA,NA,NA,NA,FALSE
"chr13",20138255,20161052,22798,"-","HAVANA","gene",NA,NA,"ENSG00000121743.4","protein_coding","GJA3","2",NA,NA,NA,NA,NA,NA,"HGNC:4277","OTTHUMG00000016510.4",NA,NA,NA,NA,NA,NA,FALSE
"chr13",20161703,20162658,956,"+","HAVANA","gene",NA,NA,"ENSG00000299377.1","lncRNA","ENSG00000299377","2",NA,NA,NA,NA,NA,NA,NA,NA,NA,NA,NA,NA,NA,NA,FALSE
"chr13",20187463,20192938,5476,"-","HAVANA","gene",NA,NA,"ENSG00000165474.8","protein_coding","GJB2","2",NA,NA,NA,NA,NA,NA,"HGNC:4284","OTTHUMG00000016513.5",NA,NA,NA,NA,NA,NA,FALSE
"chr13",20194412,20196005,1594,"+","HAVANA","gene",NA,NA,"ENSG00000279065.1","TEC","ENSG00000279065","2",NA,NA,NA,NA,NA,NA,NA,"OTTHUMG00000175962.1",NA,NA,NA,NA,NA,NA,FALSE
"chr13",27953284,27955174,1891,"-","HAVANA","gene",NA,NA,"ENSG00000308359.1","lncRNA","ENSG00000308359","2",NA,NA,NA,NA,NA,NA,NA,NA,NA,NA,NA,NA,NA,NA,FALSE
"chr13",27953526,27955370,1845,"+","HAVANA","gene",NA,NA,"ENSG00000260704.2","lncRNA","LINC00543","2",NA,NA,NA,NA,NA,NA,"HGNC:43678","OTTHUMG00000170880.1",NA,NA,NA,NA,NA,NA,FALSE
"chr13",27960391,27963865,3475,"+","HAVANA","gene",NA,NA,"ENSG00000310321.1","lncRNA","ENSG00000310321","2",NA,NA,NA,NA,NA,NA,NA,NA,NA,NA,NA,NA,NA,NA,FALSE
"chr13",49956669,50126118,169450,"-","HAVANA","gene",NA,NA,"ENSG00000231607.16","lncRNA","DLEU2","2","ncRNA_host",NA,NA,NA,NA,NA,"HGNC:13748","OTTHUMG00000016927.14",NA,NA,NA,NA,NA,NA,FALSE
"chr13",50123326,50124196,871,"-","HAVANA","gene",NA,NA,"ENSG00000295871.1","lncRNA","ENSG00000295871","2",NA,NA,NA,NA,NA,NA,NA,NA,NA,NA,NA,NA,NA,NA,FALSE
"chr13",50125816,50128464,2649,"+","HAVANA","gene",NA,NA,"ENSG00000274270.2","lncRNA","ENSG00000274270","2","overlapping_locus",NA,NA,NA,NA,NA,NA,"OTTHUMG00000187356.1",NA,NA,NA,NA,NA,NA,FALSE
"chr13",52849880,52850468,589,"-","HAVANA","gene",NA,NA,"ENSG00000305365.1","lncRNA","ENSG00000305365","2",NA,NA,NA,NA,NA,NA,NA,NA,NA,NA,NA,NA,NA,NA,FALSE
"chr13",78504990,78596021,91032,"-","HAVANA","gene",NA,NA,"ENSG00000296474.1","lncRNA","ENSG00000296474","2",NA,NA,NA,NA,NA,NA,NA,NA,NA,NA,NA,NA,NA,NA,FALSE
"chr13",78596129,78599619,3491,"+","HAVANA","gene",NA,NA,"ENSG00000271776.1","lncRNA","ENSG00000271776","2","overlapping_locus",NA,NA,NA,NA,NA,NA,"OTTHUMG00000185376.1",NA,NA,NA,NA,NA,NA,FALSE
"chr13",94698725,94708526,9802,"-","HAVANA","gene",NA,NA,"ENSG00000238230.4","lncRNA","LINC00391","2","ncRNA_host",NA,NA,NA,NA,NA,"HGNC:42719","OTTHUMG00000017212.2",NA,NA,NA,NA,NA,NA,FALSE
"chr13",94703454,94803430,99977,"+","HAVANA","gene",NA,NA,"ENSG00000227640.5","lncRNA","SOX21-AS1","2",NA,NA,NA,NA,NA,NA,"HGNC:39807","OTTHUMG00000017213.3",NA,NA,NA,NA,NA,NA,FALSE
"chr13",99969994,99972811,2818,"+","HAVANA","gene",NA,NA,"ENSG00000297638.1","lncRNA","ENSG00000297638","2",NA,NA,NA,NA,NA,NA,NA,NA,NA,NA,NA,NA,NA,NA,FALSE
"chr13",112056845,112110570,53726,"+","HAVANA","gene",NA,NA,"ENSG00000224243.3","lncRNA","SOX1-OT","2",NA,NA,NA,NA,NA,NA,"HGNC:42733","OTTHUMG00000017363.3",NA,NA,NA,NA,NA,NA,FALSE
"chr13",112057420,112058267,848,"+","HAVANA","gene",NA,NA,"ENSG00000295838.1","lncRNA","ENSG00000295838","2",NA,NA,NA,NA,NA,NA,NA,NA,NA,NA,NA,NA,NA,NA,FALSE
"chr14",28723436,28766589,43154,"-","HAVANA","gene",NA,NA,"ENSG00000257126.7","lncRNA","FOXG1-AS1","2",NA,NA,NA,NA,NA,NA,"HGNC:50663","OTTHUMG00000170343.2",NA,NA,NA,NA,NA,NA,FALSE
"chr14",28765640,28823817,58178,"+","HAVANA","gene",NA,NA,"ENSG00000186960.15","lncRNA","LINC01551","2",NA,NA,NA,NA,NA,NA,"HGNC:19828","OTTHUMG00000029410.9",NA,NA,NA,NA,NA,NA,FALSE
"chr14",60573680,60642614,68935,"-","HAVANA","gene",NA,NA,"ENSG00000307639.1","lncRNA","ENSG00000307639","2",NA,NA,NA,NA,NA,NA,NA,NA,NA,NA,NA,NA,NA,NA,FALSE
"chr14",60639216,60642589,3374,"+","HAVANA","gene",NA,NA,"ENSG00000258952.2","lncRNA","SALRNA1","2",NA,NA,NA,NA,NA,NA,"HGNC:49001","OTTHUMG00000171189.2",NA,NA,NA,NA,NA,NA,FALSE
"chr14",94770271,94774858,4588,"+","HAVANA","gene",NA,NA,"ENSG00000285205.2","lncRNA","ENSG00000285205","2",NA,NA,NA,NA,NA,NA,NA,"OTTHUMG00000192395.2",NA,NA,NA,NA,NA,NA,FALSE
"chr15",36877454,36880986,3533,"+","HAVANA","gene",NA,NA,"ENSG00000302288.1","lncRNA","ENSG00000302288","2",NA,NA,NA,NA,NA,NA,NA,NA,NA,NA,NA,NA,NA,NA,FALSE
"chr15",37099094,37133532,34439,"+","HAVANA","gene",NA,NA,"ENSG00000259460.2","lncRNA","ENSG00000259460","2",NA,NA,NA,NA,NA,NA,NA,"OTTHUMG00000172260.1",NA,NA,NA,NA,NA,NA,FALSE
"chr15",52789039,52795394,6356,"+","HAVANA","gene",NA,NA,"ENSG00000301738.1","lncRNA","ENSG00000301738","2",NA,NA,NA,NA,NA,NA,NA,NA,NA,NA,NA,NA,NA,NA,FALSE
"chr15",59972855,60005928,33074,"-","HAVANA","gene",NA,NA,"ENSG00000289162.3","lncRNA","ENSG00000289162","2",NA,NA,NA,NA,NA,NA,NA,NA,NA,NA,NA,NA,NA,NA,FALSE
"chr15",59993332,59994682,1351,"+","HAVANA","gene",NA,NA,"ENSG00000307230.1","lncRNA","ENSG00000307230","2",NA,NA,NA,NA,NA,NA,NA,NA,NA,NA,NA,NA,NA,NA,FALSE
"chr15",76188555,76311730,123176,"-","HAVANA","gene",NA,NA,"ENSG00000140374.17","protein_coding","ETFA","1","overlapping_locus",NA,NA,NA,NA,NA,"HGNC:3481","OTTHUMG00000172586.7",NA,NA,NA,NA,NA,NA,FALSE
"chr15",76311605,76326260,14656,"+","HAVANA","gene",NA,NA,"ENSG00000299002.1","lncRNA","ENSG00000299002","2",NA,NA,NA,NA,NA,NA,NA,NA,NA,NA,NA,NA,NA,NA,FALSE
"chr15",96080713,96337579,256867,"-","HAVANA","gene",NA,NA,"ENSG00000247809.12","lncRNA","NR2F2-AS1","2","overlapping_locus",NA,NA,NA,NA,NA,"HGNC:44222","OTTHUMG00000171855.9",NA,NA,NA,NA,NA,NA,FALSE
"chr15",96333261,96333307,47,"+","ENSEMBL","gene",NA,NA,"ENSG00000283888.1","miRNA","MIR1469","3",NA,NA,NA,NA,NA,NA,"HGNC:35378",NA,NA,NA,NA,NA,NA,NA,FALSE
"chr15",96341226,96345651,4426,"+","HAVANA","gene",NA,NA,"ENSG00000275322.2","lncRNA","ENSG00000275322","2",NA,NA,NA,NA,NA,NA,NA,"OTTHUMG00000187030.1",NA,NA,NA,NA,NA,NA,FALSE
"chr15",96354237,96405235,50999,"+","HAVANA","gene",NA,NA,"ENSG00000259275.6","lncRNA","ENSG00000259275","2",NA,NA,NA,NA,NA,NA,NA,"OTTHUMG00000171847.8",NA,NA,NA,NA,NA,NA,FALSE
"chr15",96393145,96415047,21903,"-","HAVANA","gene",NA,NA,"ENSG00000259542.6","lncRNA","ENSG00000259542","2",NA,NA,NA,NA,NA,NA,NA,"OTTHUMG00000171848.1",NA,NA,NA,NA,NA,NA,FALSE
"chr15",96416236,96418085,1850,"+","HAVANA","gene",NA,NA,"ENSG00000304641.1","lncRNA","ENSG00000304641","2",NA,NA,NA,NA,NA,NA,NA,NA,NA,NA,NA,NA,NA,NA,FALSE
"chr16",51149239,51150460,1222,"+","HAVANA","gene",NA,NA,"ENSG00000261238.2","lncRNA","ENSG00000261238","2",NA,NA,NA,NA,NA,NA,NA,"OTTHUMG00000173290.1",NA,NA,NA,NA,NA,NA,FALSE
"chr16",51150770,51442519,291750,"+","HAVANA","gene",NA,NA,"ENSG00000285367.4","lncRNA","ENSG00000285367","2",NA,NA,NA,NA,NA,NA,NA,"OTTHUMG00000192525.1",NA,NA,NA,NA,NA,NA,FALSE
"chr16",54844649,54931354,86706,"-","HAVANA","gene",NA,NA,"ENSG00000245694.13","lncRNA","CRNDE","2",NA,NA,NA,NA,NA,NA,"HGNC:37078","OTTHUMG00000172236.13",NA,NA,NA,NA,NA,NA,FALSE
"chr16",54931739,54938692,6954,"-","HAVANA","gene",NA,NA,"ENSG00000259725.2","lncRNA","ENSG00000259725","2",NA,NA,NA,NA,NA,NA,NA,"OTTHUMG00000172238.1",NA,NA,NA,NA,NA,NA,FALSE
"chr16",54934837,54954671,19835,"+","HAVANA","gene",NA,NA,"ENSG00000259711.2","lncRNA","ENSG00000259711","2",NA,NA,NA,NA,NA,NA,NA,"OTTHUMG00000172237.1",NA,NA,NA,NA,NA,NA,FALSE
"chr16",86474525,86509099,34575,"-","HAVANA","gene",NA,NA,"ENSG00000268388.7","lncRNA","FENDRR","2",NA,NA,NA,NA,NA,NA,"HGNC:43894","OTTHUMG00000183870.4",NA,NA,NA,NA,NA,NA,FALSE
"chr16",86564951,86569019,4069,"-","HAVANA","gene",NA,NA,"ENSG00000260944.4","lncRNA","FOXC2-AS1","2",NA,NA,NA,NA,NA,NA,"HGNC:50665","OTTHUMG00000176481.1",NA,NA,NA,NA,NA,NA,FALSE
"chr17",14299208,14301105,1898,"-","HAVANA","gene",NA,NA,"ENSG00000294706.1","lncRNA","ENSG00000294706","2",NA,NA,NA,NA,NA,NA,NA,NA,NA,NA,NA,NA,NA,NA,FALSE
"chr17",14299501,14300026,526,"+","HAVANA","gene",NA,NA,"ENSG00000294723.1","lncRNA","ENSG00000294723","2",NA,NA,NA,NA,NA,NA,NA,NA,NA,NA,NA,NA,NA,NA,FALSE
"chr17",14301081,14349404,48324,"+","HAVANA","gene",NA,NA,"ENSG00000125430.9","protein_coding","HS3ST3B1","2","overlapping_locus",NA,NA,NA,NA,NA,"HGNC:5198","OTTHUMG00000058810.4",NA,NA,NA,NA,NA,NA,FALSE
"chr17",14303854,14305505,1652,"+","HAVANA","gene",NA,NA,"ENSG00000266709.1","lncRNA","ENSG00000266709","2","overlapping_locus",NA,NA,NA,NA,NA,NA,"OTTHUMG00000178358.1",NA,NA,NA,NA,NA,NA,FALSE
"chr17",35409465,35433475,24011,"-","HAVANA","gene",NA,NA,"ENSG00000172123.14","protein_coding","SLFN12","1",NA,NA,NA,NA,NA,NA,"HGNC:25500","OTTHUMG00000132952.3",NA,NA,NA,NA,NA,NA,FALSE
"chr17",35435096,35448837,13742,"-","HAVANA","gene",NA,NA,"ENSG00000154760.14","protein_coding","SLFN13","2",NA,NA,NA,NA,NA,NA,"HGNC:26481","OTTHUMG00000165108.4",NA,NA,NA,NA,NA,NA,FALSE
"chr17",35459481,35460550,1070,"-","HAVANA","gene",NA,NA,"ENSG00000267312.1","processed_pseudogene","ENSG00000267312","1","pseudo_consens",NA,NA,NA,NA,NA,NA,"OTTHUMG00000179898.1",NA,NA,NA,NA,NA,NA,FALSE
"chr17",48023607,48024055,449,"+","HAVANA","gene",NA,NA,"ENSG00000304865.1","lncRNA","ENSG00000304865","2",NA,NA,NA,NA,NA,NA,NA,NA,NA,NA,NA,NA,NA,NA,FALSE
"chr17",48026167,48038030,11864,"-","HAVANA","gene",NA,NA,"ENSG00000005243.10","protein_coding","COPZ2","2","ncRNA_host",NA,NA,NA,NA,NA,"HGNC:19356","OTTHUMG00000178684.6",NA,NA,NA,NA,NA,NA,FALSE
"chr17",48037161,48037247,87,"-","ENSEMBL","gene",NA,NA,"ENSG00000207947.3","miRNA","MIR152","3",NA,NA,NA,NA,NA,NA,"HGNC:31538",NA,NA,NA,NA,NA,NA,NA,FALSE
"chr17",48520193,48527651,7459,"-","HAVANA","gene",NA,NA,"ENSG00000294524.1","lncRNA","ENSG00000294524","2",NA,NA,NA,NA,NA,NA,NA,NA,NA,NA,NA,NA,NA,NA,FALSE
"chr17",48527048,48535373,8326,"+","HAVANA","gene",NA,NA,"ENSG00000294508.1","lncRNA","ENSG00000294508","2",NA,NA,NA,NA,NA,NA,NA,NA,NA,NA,NA,NA,NA,NA,FALSE
"chr17",48543002,48554788,11787,"+","HAVANA","gene",NA,NA,"ENSG00000230148.9","lncRNA","HOXB-AS1","2","overlapping_locus",NA,NA,NA,NA,NA,"HGNC:43744","OTTHUMG00000132491.5",NA,NA,NA,NA,NA,NA,FALSE
"chr17",48549630,48606414,56785,"+","HAVANA","gene",NA,NA,"ENSG00000233101.11","lncRNA","HOXB-AS3","2","overlapping_locus",NA,NA,NA,NA,NA,"HGNC:40283","OTTHUMG00000159919.3",NA,NA,NA,NA,NA,NA,FALSE
"chr17",48557262,48560333,3072,"+","HAVANA","gene",NA,NA,"ENSG00000239552.2","lncRNA","HOXB-AS2","2","overlapping_locus",NA,NA,NA,NA,NA,"HGNC:40284","OTTHUMG00000159921.2",NA,NA,NA,NA,NA,NA,FALSE
"chr17",48579630,48582259,2630,"-","HAVANA","gene",NA,NA,"ENSG00000257178.5","lncRNA","ENSG00000257178","2","overlapping_locus",NA,NA,NA,NA,NA,NA,"OTTHUMG00000170223.1",NA,NA,NA,NA,NA,NA,FALSE
"chr17",48579838,48579947,110,"-","ENSEMBL","gene",NA,NA,"ENSG00000284038.1","miRNA","MIR10A","3",NA,NA,NA,NA,NA,NA,"HGNC:31497",NA,NA,NA,NA,NA,NA,NA,FALSE
"chr17",48632490,48632559,70,"-","ENSEMBL","gene",NA,NA,"ENSG00000210741.1","miRNA","MIR196A1","3",NA,NA,NA,NA,NA,NA,"HGNC:31567",NA,NA,NA,NA,NA,NA,NA,FALSE
"chr17",48634804,48647050,12247,"-","HAVANA","gene",NA,NA,"ENSG00000272763.2","lncRNA","LINC03057","2",NA,NA,NA,NA,NA,NA,"HGNC:56359","OTTHUMG00000185832.1",NA,NA,NA,NA,NA,NA,FALSE
"chr17",61411751,61413280,1530,"+","HAVANA","gene",NA,NA,"ENSG00000187013.4","lncRNA","LINC02875","2",NA,NA,NA,NA,NA,NA,"HGNC:32699","OTTHUMG00000180077.1",NA,NA,NA,NA,NA,NA,FALSE
"chr17",79792132,79801683,9552,"-","HAVANA","gene",NA,NA,"ENSG00000141570.11","protein_coding","CBX8","2",NA,NA,NA,NA,NA,NA,"HGNC:15962","OTTHUMG00000150416.4",NA,NA,NA,NA,NA,NA,FALSE
"chr17",79800557,79805422,4866,"+","HAVANA","gene",NA,NA,"ENSG00000262768.3","lncRNA","ENSG00000262768","2",NA,NA,NA,NA,NA,NA,NA,"OTTHUMG00000177464.2",NA,NA,NA,NA,NA,NA,FALSE
"chr18",3424236,3452380,28145,"-","HAVANA","gene",NA,NA,"ENSG00000302876.1","lncRNA","ENSG00000302876","2",NA,NA,NA,NA,NA,NA,NA,NA,NA,NA,NA,NA,NA,NA,FALSE
"chr18",22087583,22169878,82296,"-","HAVANA","gene",NA,NA,"ENSG00000266010.5","lncRNA","GATA6-AS1","2","ncRNA_host",NA,NA,NA,NA,NA,"HGNC:48840","OTTHUMG00000179440.2",NA,NA,NA,NA,NA,NA,FALSE
"chr18",22164663,22166166,1504,"+","HAVANA","gene",NA,NA,"ENSG00000301707.1","lncRNA","ENSG00000301707","2",NA,NA,NA,NA,NA,NA,NA,NA,NA,NA,NA,NA,NA,NA,FALSE
"chr20",21397258,21400391,3134,"+","HAVANA","gene",NA,NA,"ENSG00000225280.8","lncRNA","ENSG00000225280","2",NA,NA,NA,NA,NA,NA,NA,"OTTHUMG00000032023.3",NA,NA,NA,NA,NA,NA,FALSE
"chr20",38657070,38727583,70514,"-","HAVANA","gene",NA,NA,"ENSG00000301653.1","lncRNA","ENSG00000301653","2","ncRNA_host",NA,NA,NA,NA,NA,NA,NA,NA,NA,NA,NA,NA,NA,FALSE
"chr20",38724486,38729372,4887,"+","HAVANA","gene",NA,NA,"ENSG00000101438.4","protein_coding","SLC32A1","2",NA,NA,NA,NA,NA,NA,"HGNC:11018","OTTHUMG00000032457.2",NA,NA,NA,NA,NA,NA,FALSE
"chr21",32913649,33071590,157942,"-","HAVANA","gene",NA,NA,"ENSG00000227757.4","lncRNA","ENSG00000227757","2",NA,NA,NA,NA,NA,NA,NA,"OTTHUMG00000065033.2",NA,NA,NA,NA,NA,NA,FALSE
"chr21",33022879,33024361,1483,"+","HAVANA","gene",NA,NA,"ENSG00000301393.1","lncRNA","ENSG00000301393","2",NA,NA,NA,NA,NA,NA,NA,NA,NA,NA,NA,NA,NA,NA,FALSE
"chr21",33029432,33029958,527,"+","HAVANA","gene",NA,NA,"ENSG00000301417.1","lncRNA","ENSG00000301417","2",NA,NA,NA,NA,NA,NA,NA,NA,NA,NA,NA,NA,NA,NA,FALSE
"chr21",33035351,33037078,1728,"+","HAVANA","gene",NA,NA,"ENSG00000301372.1","lncRNA","ENSG00000301372","2",NA,NA,NA,NA,NA,NA,NA,NA,NA,NA,NA,NA,NA,NA,FALSE
"chr21",33057829,33065873,8045,"+","HAVANA","gene",NA,NA,"ENSG00000232539.2","lncRNA","LINC00945","2",NA,NA,NA,NA,NA,NA,"HGNC:48643","OTTHUMG00000065060.1",NA,NA,NA,NA,NA,NA,FALSE
"chr21",36698773,36701564,2792,"-","HAVANA","gene",NA,NA,"ENSG00000224269.1","lncRNA","ENSG00000224269","2",NA,NA,NA,NA,NA,NA,NA,"OTTHUMG00000086642.1",NA,NA,NA,NA,NA,NA,FALSE
"chrX",24969516,25003349,33834,"-","HAVANA","gene",NA,NA,"ENSG00000309444.1","lncRNA","ENSG00000309444","2",NA,NA,NA,NA,NA,NA,NA,NA,NA,NA,NA,NA,NA,NA,FALSE
"chrX",25019930,25138510,118581,"+","HAVANA","gene",NA,NA,"ENSG00000309327.1","lncRNA","ENSG00000309327","2",NA,NA,NA,NA,NA,NA,NA,NA,NA,NA,NA,NA,NA,NA,FALSE
"chrX",76114294,76152796,38503,"-","HAVANA","gene",NA,NA,"ENSG00000309870.1","lncRNA","ENSG00000309870","2",NA,NA,NA,NA,NA,NA,NA,NA,NA,NA,NA,NA,NA,NA,FALSE
"chrX",76145498,76150807,5310,"+","HAVANA","gene",NA,NA,"ENSG00000309885.1","lncRNA","ENSG00000309885","2",NA,NA,NA,NA,NA,NA,NA,NA,NA,NA,NA,NA,NA,NA,FALSE
"chrX",134543118,134549644,6527,"-","HAVANA","gene",NA,NA,"ENSG00000223749.12","lncRNA","MIR503HG","2","ncRNA_host",NA,NA,NA,NA,NA,"HGNC:28258","OTTHUMG00000022455.9",NA,NA,NA,NA,NA,NA,FALSE
"chrX",134546328,134546398,71,"-","ENSEMBL","gene",NA,NA,"ENSG00000208005.1","miRNA","MIR503","3",NA,NA,NA,NA,NA,NA,"HGNC:32138",NA,NA,NA,NA,NA,NA,NA,FALSE
"chrX",134546614,134546711,98,"-","ENSEMBL","gene",NA,NA,"ENSG00000284231.1","miRNA","MIR424","3",NA,NA,NA,NA,NA,NA,"HGNC:31881",NA,NA,NA,NA,NA,NA,NA,FALSE
"chrX",134549747,134560401,10655,"+","HAVANA","gene",NA,NA,"ENSG00000227060.8","lncRNA","LINC00629","2",NA,NA,NA,NA,NA,NA,"HGNC:44262","OTTHUMG00000022456.10",NA,NA,NA,NA,NA,NA,FALSE
"chrX",137412444,137569203,156760,"-","HAVANA","gene",NA,NA,"ENSG00000224765.3","lncRNA","LINC02931","2",NA,NA,NA,NA,NA,NA,"HGNC:55853","OTTHUMG00000022524.1",NA,NA,NA,NA,NA,NA,FALSE
"chrX",140503232,140598288,95057,"+","HAVANA","gene",NA,NA,"ENSG00000303910.1","lncRNA","ENSG00000303910","2",NA,NA,NA,NA,NA,NA,NA,NA,NA,NA,NA,NA,NA,NA,FALSE
